country,country_name,amount,currency
UK,United Kingdom,444219.59494251094,USD
NO,Norway,248724.9267814147,USD
GR,Greece,22816.91067889862,USD
IT,Italy,7778.338837764647,USD
SP,Spain,2032.0066365497257,USD
LU,Luxembourg,1979.6931957129566,USD
